[
	{
		"title":"Main"
	},
	{
		"title":"AJAX Monthly Calendar",
		"url":"Index"
	},
	{
		"title":"CSS Themes"
	},
	{
		"title":"Transparent",
		"url":"ThemeTransparent"
	},
	{
		"title":"Green",
		"url":"ThemeGreen"
	},
	{
		"title":"White",
		"url":"ThemeWhite"
	},
	{
		"title":"Blue",
		"url":"ThemeBlue"
	},
	{
		"title":"Google Like",
		"url":"ThemeGoogleLike"
	},
	{
		"title":"Traditional",
		"url":"ThemeTraditional"
	},
	{
		"title":"Views"
	},
	{
		"title":"Weeks View",
		"url":"Weeks",
		"pro":true
	},	
	{
		"title":"API"
	},
	{
		"title":"jQuery",
		"url":"JQuery"
	},
	{
		"title":"Events"
	},
	{
		"title":"Event Creating",
		"url":"EventCreating"
	},
	{
		"title":"Event Resizing",
		"url":"EventResizing"
	},
	{
		"title":"Event Moving",
		"url":"EventMoving"
	},	
	{
		"title":"Continue CSS Classes",
		"url":"EventCssContinue",
		"pro":true
	},
	{
		"title":"Event Active Areas",
		"url":"EventActiveAreas",
		"pro":true
	},
	{
		"title":"Event Bubble",
		"url":"EventBubble",
		"pro":true
	},	
	{
		"title":"Event Context Menu",
		"url":"EventContextMenu",
		"pro":true
	},
	{
		"title":"Event Double-Click",
		"url":"EventDoubleClick",
		"pro":true
	},	
	{
		"title":"Event Selecting",
		"url":"EventSelecting",
		"pro":true
	},
	{
		"title":"Event Start and End Time",
		"url":"EventStartEndTime",
		"pro":true
	},	
	{
		"title":"Move Event to Position",
		"url":"EventMoveToPosition",
		"pro":true
	},
	{
		"title":"Recurring Events",
		"url":"RecurringEvents",
		"pro":true
	},
	{
		"title":"Navigation"
	},
	{
		"title":"Drop-Down Navigation",
		"url":"DropDown"
	},
	{
		"title":"Next/Previous Buttons",
		"url":"NextPrevious"
	},
	{
		"title":"Grid"
	},
	{
		"title":"Weekends",
		"url":"Weekends",
		"pro":true
	},
	{
		"title":"Highlighting Today",
		"url":"Today",
		"pro":true
	},	
	{
		"title":"AJAX"
	},
	{
		"title":"AutoRefresh",
		"url":"AutoRefresh",
		"pro":true
	},
	{
		"title":"Notify Event Model",
		"url":"Notify",
		"pro":true
	},
	{
		"title":"Controls"
	},
	{
		"title":"Message Bar",
		"url":"Message",
		"pro":true
	},	
	{
		"title":"Appearance"
	},
	{
		"title":"100% Height",
		"url":"Height100Pct",
		"pro":true
	},
]